galaxy,scenario,model,family,points,parameter_count,chi2,chi2_reduced,aicc,delta_aicc,bic,delta_bic,parameters_dimensionless,boundary_parameters,rank,practical_rank,condition_number,maximum_absolute_correlation,optimizer_success
DDO154,primary,baryons,logsvt,12,0,70395.93204834746,5866.327670695621,70395.93204834746,70381.28348598561,70395.93204834746,70382.82876603625,{},[],0,0,,,True
DDO154,primary,NFW,nfw,12,2,117.7120807622137,11.77120807622137,123.04541409554703,108.39685173370093,122.6818940617897,109.5786117505796,"{""V200"": 1.449565653717756, ""c"": 4.958204936504806}",[],2,2,26.515550155435744,0.9970758655330996,True
DDO154,primary,pISO,piso,12,2,24.782053468109957,2.478205346810996,30.11538680144329,15.466824439597186,29.751866767685957,16.648584456475852,"{""H"": 1.813756530621297, ""Rc"": 0.26665752181370433}",[],2,2,9.896762461898179,0.9778366390090036,True
DDO154,primary,cored_log,cored_log,12,2,12.69732861474257,1.2697328614742571,18.030661948075903,3.382099586229799,17.66714191431857,4.563859603108465,"{""H"": 1.3492325463753452, ""Rc"": 0.43106379701181907}",[],2,2,7.50718982286233,0.9611354039959773,True
DDO154,primary,k2,logsvt,12,2,12.697328614742549,1.269732861474255,18.03066194807588,3.382099586229778,17.66714191431855,4.563859603108444,"{""B"": 0.33730813701953777, ""u2"": 5.381667952222859}",[],2,2,11.282853148068847,0.9611354071583604,True
DDO154,primary,k2_Q,logsvt,12,3,5.648562361846104,0.6276180402051227,14.648562361846103,0.0,13.103282311210105,0.0,"{""B"": 0.4353540179451459, ""Q"": 0.33288601907790694, ""u2"": 3.9080363708844748}",[],3,3,102.2236085523006,0.981983204242181,True
DDO154,primary,k2_L,logsvt,12,3,9.142126954460979,1.0157918838289977,18.142126954460977,3.4935645926148737,16.596846903824982,3.4935645926148773,"{""B"": 0.40517159089218574, ""L"": -0.2529736476411684, ""u2"": 5.0541336115803706}",[],3,3,43.94780662991481,0.9826337898933449,True
DDO154,primary,C_L,logsvt,12,2,204.72787267169497,20.472787267169497,210.0612060050283,195.4126436431822,209.69768597127097,196.59440366006086,"{""C"": 0.05862033002725064, ""L"": 1.34361005497865}",[],2,2,33.51456685883064,0.9569246804931634,True
DDO154,primary,k2_L_Q,logsvt,12,4,4.690745767128628,0.5863432208910785,18.405031481414344,3.7564691195682407,14.630372366280628,1.5270900550705235,"{""B"": 0.4415400044754065, ""L"": 0.2662169520892484, ""Q"": 0.5751385038929614, ""u2"": 3.2046033266048335}",[],4,4,155.04330369653744,0.980510052426279,True
DDO154,light,baryons,logsvt,12,0,72680.25605150506,6056.688004292088,72680.25605150506,72662.93780849293,72680.25605150506,72665.98559960147,{},[],0,0,,,True
DDO154,light,NFW,nfw,12,2,100.87405791547799,10.087405791547798,106.20739124881132,88.88914823669323,105.843871215054,91.57341931146927,"{""V200"": 1.3869955567759755, ""c"": 5.275286490374779}",[],2,2,24.77522154589265,0.996626924103652,True
DDO154,light,pISO,piso,12,2,21.230790153724218,2.1230790153724217,26.56412348705755,9.245880474939465,26.200603453300218,11.930151549715491,"{""H"": 1.7774675055560663, ""Rc"": 0.25571929509651614}",[],2,2,9.702555884263214,0.9764610601793762,True
DDO154,light,cored_log,cored_log,12,2,12.211077602342558,1.2211077602342557,17.544410935675888,0.2261679235578029,17.18089090191856,2.9104389983338326,"{""H"": 1.3323840493701353, ""Rc"": 0.4172848867638199}",[],2,2,7.332916589008739,0.9583326599791845,True
DDO154,light,k2,logsvt,12,2,12.21107760234256,1.221107760234256,17.54441093567589,0.22616792355780646,17.18089090191856,2.9104389983338326,"{""B"": 0.3330960119062103, ""u2"": 5.742945438918593}",[],2,2,11.198721155253997,0.958332658328642,True
DDO154,light,k2_Q,logsvt,12,3,8.318243012118085,0.9242492235686761,17.318243012118085,0.0,15.772962961482087,1.50251105789736,"{""B"": 0.39740388424528234, ""Q"": 0.23004079575722874, ""u2"": 4.549102646218826}",[],3,3,120.81600879337752,0.9788312125092079,True
DDO154,light,k2_L,logsvt,12,3,11.435303738377552,1.2705893042641725,20.435303738377552,3.117060726259467,18.890023687741554,4.619571784156827,"{""B"": 0.3631283337843887, ""L"": -0.11372470478305781, ""u2"": 5.552825870618085}",[],3,3,41.74178181712553,0.9835727832348069,True
DDO154,light,C_L,logsvt,12,2,197.20018651844904,19.720018651844903,202.5335198517824,185.2152768396643,202.16999981802505,187.89954791444032,"{""C"": 0.07976542905020648, ""L"": 1.3213185694882434}",[],2,2,24.80876746968229,0.9568361773092977,True
DDO154,light,k2_L_Q,logsvt,12,4,4.330825304432725,0.5413531630540906,18.04511101871844,0.7268680066003554,14.270451903584727,0.0,"{""B"": 0.4084062257433483, ""L"": 0.5448929248634841, ""Q"": 0.7267738362545817, ""u2"": 2.944408761387457}",[],4,4,135.33637840105195,0.9820268481939582,True
DDO154,heavy,baryons,logsvt,12,0,68230.50709844867,5685.875591537389,68230.50709844867,68216.43058028961,68230.50709844867,68217.97586034026,{},[],0,0,,,True
DDO154,heavy,NFW,nfw,12,2,136.12700866822894,13.612700866822895,141.46034200156228,127.38382384251302,141.09682196780494,128.56558385939167,"{""V200"": 1.5205418946312395, ""c"": 4.644820638916223}",[],2,2,28.572446900186343,0.9974964424086527,True
DDO154,heavy,pISO,piso,12,2,30.399803006257525,3.0399803006257526,35.733136339590864,21.6566181805416,35.369616305833524,22.838378197420262,"{""H"": 1.8500825703923072, ""Rc"": 0.2775395292308568}",[],2,2,10.093144774941653,0.9790624769355708,True
DDO154,heavy,cored_log,cored_log,12,2,15.77860379187705,1.577860379187705,21.111937125210382,7.035418966161119,20.74841709145305,8.217178983039785,"{""H"": 1.365976812857408, ""Rc"": 0.4446466041101006}",[],2,2,7.684048394865629,0.9636145292339628,True
DDO154,heavy,k2,logsvt,12,2,15.778603791877048,1.5778603791877048,21.11193712521038,7.0354189661611155,20.74841709145305,8.217178983039785,"{""B"": 0.3414942036273358, ""u2"": 5.057897673599478}",[],2,2,11.369532151879367,0.9636145367854452,True
DDO154,heavy,k2_Q,logsvt,12,3,5.076518159049263,0.5640575732276959,14.076518159049263,0.0,12.531238108413264,0.0,"{""B"": 0.478206651898389, ""Q"": 0.4406934620710421, ""u2"": 3.3825601583889475}",[],3,3,95.23372749237599,0.9848036924828141,True
DDO154,heavy,k2_L,logsvt,12,3,7.521975838545053,0.8357750931716725,16.521975838545053,2.4454576794957905,14.976695787909055,2.4454576794957905,"{""B"": 0.4498567580687266, ""L"": -0.3983509008701063, ""u2"": 4.657720648091794}",[],3,3,46.326603423877316,0.981596058165475,True
DDO154,heavy,C_L,logsvt,12,2,212.47020985485798,21.247020985485797,217.80354318819133,203.72702502914206,217.440023154434,204.9087850460207,"{""C"": 0.037518151265792804, ""L"": 1.3658337397354745}",[],2,2,52.11624050522651,0.9570092796773164,True
DDO154,heavy,k2_L_Q,logsvt,12,4,5.073753250805252,0.6342191563506565,18.788038965090966,4.711520806041703,15.013379849957253,2.4821417415439893,"{""B"": 0.47779397979761, ""L"": -0.014269129254489497, ""Q"": 0.42767594867371694, ""u2"": 3.416716230548556}",[],4,4,198.92074111674648,0.9787730174518132,True
DDO161,primary,baryons,logsvt,31,0,11524.338461435427,371.7528535946912,11524.338461435427,11512.031657339076,11524.338461435427,11509.592254358677,{},[],0,0,,,True
DDO161,primary,NFW,nfw,31,2,33.319075563916606,1.1489336401350554,37.747646992488036,25.440842896137134,40.187049972886896,25.440842896137127,"{""V200"": 1.8930938865201623, ""c"": 1.9918392237133398}",[],2,2,26.182671379920457,0.9966335196119361,True
DDO161,primary,pISO,piso,31,2,9.704054714353294,0.33462257635701015,14.132626142924723,1.825822046573819,16.57202912332359,1.8258220465738209,"{""H"": 2.0439257063279235, ""Rc"": 0.33069303150426793}",[],2,2,7.7434284054633755,0.9639779887994816,True
DDO161,primary,cored_log,cored_log,31,2,7.878232667779489,0.271663195440672,12.306804096350918,1.4210854715202004e-14,14.746207076749782,1.4210854715202004e-14,"{""H"": 1.5197145949492876, ""Rc"": 0.5309403809968681}",[],2,2,5.823207414952641,0.9357676568907278,True
DDO161,primary,k2,logsvt,31,2,7.878232667779475,0.2716631954406715,12.306804096350904,0.0,14.746207076749767,0.0,"{""B"": 0.3799286485553823, ""u2"": 3.5473863168239212}",[],2,2,8.836562790189637,0.9357676630185808,True
DDO161,primary,k2_Q,logsvt,31,3,7.086563852874019,0.25309156617407214,13.975452741762908,1.668648645412004,17.388525466329458,2.6423183895796907,"{""B"": 0.4906506996192604, ""Q"": 0.25503103234885954, ""u2"": 2.6276703717046224}",[],3,3,137.76207661016156,0.9936055446492892,True
DDO161,primary,k2_L,logsvt,31,3,7.686720154880206,0.2745257198171502,14.575609043769095,2.2688049474181913,17.988681768335645,3.242474691585878,"{""B"": 0.3493968974520006, ""L"": 0.09387608030819795, ""u2"": 3.6372376671544333}",[],3,3,31.682982191203653,0.984029350514948,True
DDO161,primary,C_L,logsvt,31,2,46.46507747107516,1.6022440507267297,50.89364889964659,38.58684480329569,53.33305188004545,38.58684480329568,"{""C"": 1.5229979744734543e-08, ""L"": 1.286938190676313}","[""logC""]",2,2,76471819.6452559,1.0,True
DDO161,primary,k2_L_Q,logsvt,31,4,4.906655555368564,0.18172798353216904,14.445117093830103,2.138312997479199,18.642604373309148,3.89639729655938,"{""B"": 0.6129690681554092, ""L"": 0.4217621148095198, ""Q"": 0.7553559806863284, ""u2"": 1.5511163958910343}",[],4,4,179.56653663507393,0.9876745194840681,True
DDO161,light,baryons,logsvt,31,0,12193.83246466758,393.3494343441155,12193.83246466758,12179.698157802466,12193.83246466758,12175.51691183098,{},[],0,0,,,True
DDO161,light,NFW,nfw,31,2,25.152305991141603,0.8673208962462622,29.58087741971303,15.446570554600822,32.02028040011189,13.704727563512392,"{""V200"": 1.6722765667224062, ""c"": 2.456026321259153}",[],2,2,20.744607246206154,0.9945615504114097,True
DDO161,light,pISO,piso,31,2,11.447578427629209,0.394744083711352,15.876149856200637,1.7418429910884292,18.3155528365995,0.0,"{""H"": 1.9557495431716254, ""Rc"": 0.30088375091908476}",[],2,2,7.431375476399691,0.9590951322220129,True
DDO161,light,cored_log,cored_log,31,2,11.471757581397533,0.3955778476343977,15.900329009968962,1.7660221448567537,18.339731990367824,0.024179153768322692,"{""H"": 1.482761731192123, ""Rc"": 0.495025834973558}",[],2,2,5.562327856492421,0.9263644795431348,True
DDO161,light,k2,logsvt,31,2,11.471757581397538,0.39557784763439785,15.900329009968967,1.766022144856759,18.33973199036783,0.024179153768329797,"{""B"": 0.37069043323550566, ""u2"": 4.080790207607227}",[],2,2,8.701212131100743,0.9263644911811815,True
DDO161,light,k2_Q,logsvt,31,3,11.4715167530812,0.40969702689575715,18.36040564197009,4.2260987768578815,21.77347836653664,3.457925529937139,"{""B"": 0.3720817186939902, ""Q"": 0.0035981188410632984, ""u2"": 4.060141259463604}",[],3,3,5080.109072001726,0.9892593762072299,True
DDO161,light,k2_L,logsvt,31,3,8.717191745862069,0.311328276637931,15.606080634750958,1.4717737696387498,19.019153359317507,0.7036005227180055,"{""B"": 0.2662637707975333, ""L"": 0.3309591815853529, ""u2"": 4.698092155287517}",[],3,3,31.449778601153103,0.9863957684239766,True
DDO161,light,C_L,logsvt,31,2,48.4884569093933,1.6720157554963206,52.91702833796473,38.78272147285252,55.35643131836359,37.04087848176409,"{""C"": 0.024397351325623356, ""L"": 1.2800261345737414}",[],2,2,48.20033049023591,0.8525515708599659,True
DDO161,light,k2_L_Q,logsvt,31,4,4.59584532665067,0.17021649357965443,14.134306865112208,0.0,18.331794144591257,0.016241307991755605,"{""B"": 0.5365671031920448, ""L"": 0.7717261243133096, ""Q"": 0.8651378706138888, ""u2"": 1.431942434302627}",[],4,4,188.06149203298162,0.9876941869495516,True
DDO161,heavy,baryons,logsvt,31,0,10906.014376522719,351.8069153717006,10906.014376522719,10893.736406210997,10906.014376522719,10891.297003230598,{},[],0,0,,,True
DDO161,heavy,NFW,nfw,31,2,43.219730701704904,1.4903355414381,47.648302130276335,35.37033181855568,50.087705110675195,35.37033181855567,"{""V200"": 2.255837523670341, ""c"": 1.496920140442453}",[],2,2,37.09152553140072,0.9983013752204853,True
DDO161,heavy,pISO,piso,31,2,10.807197722408828,0.3726619904278906,15.235769150980257,2.9577988392595973,17.67517213137912,2.957798839259599,"{""H"": 2.1354401949264252, ""Rc"": 0.36096731295739476}",[],2,2,8.093497992391889,0.9681004404679836,True
DDO161,heavy,cored_log,cored_log,31,2,7.849398883149245,0.2706689270051464,12.277970311720674,1.4210854715202004e-14,14.717373292119538,1.5987211554602254e-14,"{""H"": 1.5586817937805313, ""Rc"": 0.5672806861402908}",[],2,2,6.124384490460362,0.9438914267589024,True
DDO161,heavy,k2,logsvt,31,2,7.84939888314923,0.2706689270051459,12.27797031172066,0.0,14.717373292119522,0.0,"{""B"": 0.3896704504391664, ""u2"": 3.1074489206273657}",[],2,2,9.0172051219797,0.9438914264550857,True
DDO161,heavy,k2_Q,logsvt,31,3,5.429594327267698,0.1939140831167035,12.318483216156586,0.0405129044359267,15.731555940723137,1.0141826486036152,"{""B"": 0.6641233813334774, ""Q"": 0.5568118907899847, ""u2"": 1.7838065959186231}",[],3,3,130.678772119483,0.9959408970109875,True
DDO161,heavy,k2_L,logsvt,31,3,7.229937169715928,0.25821204177556883,14.118826058604817,1.8408557468841575,17.531898783171368,2.814525491051846,"{""B"": 0.4486285117181834, ""L"": -0.17717387373938967, ""u2"": 3.024244462201888}",[],3,3,33.00073869751812,0.9805857273627738,True
DDO161,heavy,C_L,logsvt,31,2,48.58709361566371,1.6754170212297832,53.01566504423514,40.737694732514484,55.455068024634,40.737694732514484,"{""C"": 1.522997974471355e-08, ""L"": 1.260265417983768}","[""logC""]",2,2,79658569.40446635,1.0,True
DDO161,heavy,k2_L_Q,logsvt,31,4,5.361127918528593,0.19856029327883679,14.899589456990132,2.621619145269472,19.097076736469177,4.379703444349655,"{""B"": 0.694407943551137, ""L"": 0.07355335273612446, ""Q"": 0.6522279137170014, ""u2"": 1.6329440611530863}",[],4,4,189.89183551013062,0.9876400492093568,True
DDO170,primary,baryons,logsvt,8,0,4794.596828880252,599.3246036100315,4794.596828880252,4780.462248165137,4794.596828880252,4782.7033650817775,{},[],0,0,,,True
DDO170,primary,NFW,nfw,8,2,12.96932632282888,2.1615543871381466,19.36932632282888,5.234745607713643,17.128209406188553,5.234745607713645,"{""V200"": 0.9575330347965472, ""c"": 5.620274661454369}",[],2,2,10.16795907953049,0.9709655261277899,True
DDO170,primary,pISO,piso,8,2,7.83794563971036,1.30632427328506,14.23794563971036,0.10336492459512314,11.996828723070031,0.10336492459512314,"{""H"": 1.2122450814995578, ""Rc"": 0.170758413085478}",[],2,2,6.293329666103395,0.9216032073511193,True
DDO170,primary,cored_log,cored_log,8,2,7.734580715115257,1.2890967858525428,14.134580715115257,2.1316282072803006e-14,11.89346379847493,2.1316282072803006e-14,"{""H"": 0.9869196241748909, ""Rc"": 0.3089743927890387}",[],2,2,4.50993762003588,0.8478980303240576,True
DDO170,primary,k2,logsvt,8,2,7.734580715115236,1.2890967858525393,14.134580715115236,0.0,11.893463798474908,0.0,"{""B"": 0.24672990632989217, ""u2"": 10.47502389911795}",[],2,2,7.93057022941735,0.8478980411189241,True
DDO170,primary,k2_Q,logsvt,8,3,7.7345810636162895,1.5469162127232579,19.73458106361629,5.600000348501053,13.972905688655796,2.079441890180888,"{""B"": 0.24672991042102688, ""Q"": 1.522997974472637e-08, ""u2"": 10.47502356457511}","[""logQ""]",3,2,360387206.0009778,0.9982799423441225,True
DDO170,primary,k2_L,logsvt,8,3,6.841459889566901,1.3682919779133802,18.841459889566902,4.706879174451666,13.07978451460641,1.186320716131501,"{""B"": 0.2001992336350643, ""L"": 0.17605162931860002, ""u2"": 13.147983265491888}",[],3,3,28.21991233656102,0.9857680966469209,True
DDO170,primary,C_L,logsvt,8,2,31.025639173291218,5.170939862215203,37.425639173291216,23.291058458175982,35.18452225665089,23.29105845817598,"{""C"": 0.3016305091267132, ""L"": 0.6869110717470366}",[],2,2,6.462646527493536,0.9211596292704506,True
DDO170,primary,k2_L_Q,logsvt,8,4,6.8414599851937075,1.7103649962984269,28.174793318527044,14.040212603411808,15.15922615191305,3.2657623534381415,"{""B"": 0.20019921289788215, ""L"": 0.17605171652270968, ""Q"": 1.5229979744714145e-08, ""u2"": 13.147985165404265}","[""logQ""]",4,3,1958654107.882449,0.9984806377843058,True
DDO170,light,baryons,logsvt,8,0,5203.37650545373,650.4220631817162,5203.37650545373,5189.558074243011,5203.37650545373,5191.799191159652,{},[],0,0,,,True
DDO170,light,NFW,nfw,8,2,12.754649835896178,2.125774972649363,19.154649835896176,5.336218625177763,16.91353291925585,5.336218625177764,"{""V200"": 0.9423242347462047, ""c"": 6.003207942861913}",[],2,2,9.973540776414755,0.9689254560493886,True
DDO170,light,pISO,piso,8,2,7.718491245991549,1.2864152076652582,14.11849124599155,0.30006003527313574,11.87737432935122,0.30006003527313396,"{""H"": 1.214164422802743, ""Rc"": 0.16155455391948795}",[],2,2,6.347470332094536,0.9187873596558616,True
DDO170,light,cored_log,cored_log,8,2,7.418431210718414,1.2364052017864025,13.818431210718414,0.0,11.577314294078086,0.0,"{""H"": 0.9956766097622058, ""Rc"": 0.29601520989142305}",[],2,2,4.528777352231071,0.841092298042682,True
DDO170,light,k2,logsvt,8,2,7.418431210718419,1.2364052017864031,13.818431210718419,5.329070518200751e-15,11.57731429407809,3.552713678800501e-15,"{""B"": 0.24891915261614422, ""u2"": 11.41226757989656}",[],2,2,8.048485779249633,0.841092291517108,True
DDO170,light,k2_Q,logsvt,8,3,7.418431556306787,1.4836863112613574,19.418431556306786,5.600000345588372,13.656756181346294,2.0794418872682083,"{""B"": 0.24891915741917153, ""Q"": 1.5229979761326902e-08, ""u2"": 11.412267041769159}","[""logQ""]",3,2,384739668.62542105,0.998076755218854,True
DDO170,light,k2_L,logsvt,8,3,6.598082958112617,1.3196165916225233,18.598082958112617,4.779651747394203,12.836407583152123,1.2590932890740376,"{""B"": 0.206793594263727, ""L"": 0.16174499285700839, ""u2"": 14.115999423530042}",[],3,3,27.413533269026114,0.9850737870098039,True
DDO170,light,C_L,logsvt,8,2,32.22506051467146,5.37084341911191,38.62506051467146,24.806629303953045,36.38394359803113,24.806629303953045,"{""C"": 0.33068222897221633, ""L"": 0.6728432870592617}",[],2,2,6.104776158893453,0.9213347434357725,True
DDO170,light,k2_L_Q,logsvt,8,4,14.913308962174865,3.7283272405437162,36.2466422955082,22.428211084789787,23.231075128894208,11.653760834816122,"{""B"": 0.00020573763339641477, ""L"": 1.9379888414868354, ""Q"": 1.014932094514143, ""u2"": 0.00014289693680220327}",[],4,2,1854988393.1102235,0.9999998388793636,True
DDO170,heavy,baryons,logsvt,8,0,4424.111032699032,553.013879087379,4424.111032699032,4409.7062497690495,4424.111032699032,4411.947366685689,{},[],0,0,,,True
DDO170,heavy,NFW,nfw,8,2,13.21628830646,2.202714717743333,19.61628830646,5.211505376477367,17.37517138981967,5.211505376477366,"{""V200"": 0.9755507060150361, ""c"": 5.237134940900598}",[],2,2,10.412294772092622,0.9731269623830635,True
DDO170,heavy,pISO,piso,8,2,8.004782929982632,1.3341304883304386,14.404782929982632,0.0,12.163666013342304,0.0,"{""H"": 1.211900269865553, ""Rc"": 0.18077515807470548}",[],2,2,6.251441345193177,0.9245091721189529,True
DDO170,heavy,cored_log,cored_log,8,2,8.075323794515207,1.3458872990858677,14.475323794515207,0.07054086453257469,12.234206877874879,0.07054086453257469,"{""H"": 0.9791052661289631, ""Rc"": 0.32295774165769425}",[],2,2,4.500050718308268,0.8548068939091363,True
DDO170,heavy,k2,logsvt,8,2,8.07532379451521,1.3458872990858683,14.47532379451521,0.07054086453257824,12.234206877874882,0.07054086453257824,"{""B"": 0.24477631669876831, ""u2"": 9.587571128816235}",[],2,2,7.821649546395333,0.8548068854144021,True
DDO170,heavy,k2_Q,logsvt,8,3,8.075324142029206,1.6150648284058413,20.075324142029206,5.670541212046574,14.313648767068713,2.149982753726409,"{""B"": 0.24477632060223573, ""Q"": 1.5229979744712953e-08, ""u2"": 9.587570883276427}","[""logQ""]",3,2,433488432.01560247,0.9977756882870676,True
DDO170,heavy,k2_L,logsvt,8,3,7.129020164101824,1.425804032820365,19.129020164101824,4.724237234119192,13.367344789141331,1.2036787757990268,"{""B"": 0.19384654636502394, ""L"": 0.18973037677232976, ""u2"": 12.182031075803602}",[],3,3,29.132628228695843,0.9864646922970439,True
DDO170,heavy,C_L,logsvt,8,2,29.847473374367564,4.9745788957279276,36.247473374367566,21.842690444384935,34.006356457727236,21.84269044438493,"{""C"": 0.27260077278935846, ""L"": 0.7009503657985676}",[],2,2,6.9211662167329155,0.920981556648236,True
DDO170,heavy,k2_L_Q,logsvt,8,4,7.129020263231392,1.782255065807848,28.462353596564725,14.057570666582093,15.446786429950734,3.28312041660843,"{""B"": 0.1938465443084749, ""L"": 0.18973039870815275, ""Q"": 1.522998025568498e-08, ""u2"": 12.182031043156583}","[""logQ""]",4,3,1822416991.4216502,0.9977572075186399,True
F583-1,primary,baryons,logsvt,25,0,1264.951525439907,50.59806101759628,1264.951525439907,1256.0522887849613,1264.951525439907,1254.1599916806795,{},[],0,0,,,True
F583-1,primary,NFW,nfw,25,2,35.957536152815095,1.5633711370789172,40.50299069826964,31.603754043323796,42.39528780255149,31.603754043323793,"{""V200"": 1.6857546667024674, ""c"": 4.590460625239507}",[],2,2,9.264977151735119,0.976413931129078,True
F583-1,primary,pISO,piso,25,2,7.907190421348821,0.34379088788473133,12.452644966803366,3.553408311857522,14.344942071085221,3.5534083118575204,"{""H"": 2.636531585403862, ""Rc"": 0.1652497868305265}",[],2,2,4.838130948405686,0.9179630670035925,True
F583-1,primary,cored_log,cored_log,25,2,4.353782109491322,0.18929487432570963,8.899236654945867,2.3092638912203256e-14,10.791533759227722,2.1316282072803006e-14,"{""H"": 1.9862745671058224, ""Rc"": 0.26302410888329414}",[],2,2,4.193719936556895,0.8923942910793996,True
F583-1,primary,k2,logsvt,25,2,4.3537821094912985,0.18929487432570863,8.899236654945843,0.0,10.7915337592277,0.0,"{""B"": 0.49656863350172226, ""u2"": 14.454693950182646}",[],2,2,5.376850495564061,0.892394287069394,True
F583-1,primary,k2_Q,logsvt,25,3,2.742277893987907,0.1246489951812685,9.88513503684505,0.9858983818992062,12.398905368592509,1.607371609364808,"{""B"": 0.6082423123494723, ""Q"": 0.6348999683295069, ""u2"": 11.09308885194511}",[],3,3,26.348655842069817,0.9612107091680613,True
F583-1,primary,k2_L,logsvt,25,3,2.5743723000504146,0.11701692272956431,9.717229442907557,0.8179927879617139,12.230999774655016,1.4394660154273158,"{""B"": 0.610884104947262, ""L"": -0.6147448164792956, ""u2"": 13.591926836874299}",[],3,3,16.119587252888547,0.8874955312756152,True
F583-1,primary,C_L,logsvt,25,2,53.583372464479304,2.329711846281709,58.12882700993385,49.229590354988005,60.0211241142157,49.229590354988005,"{""C"": 1.5229979744712682e-08, ""L"": 3.0391231218890202}","[""logC""]",2,2,19228552.4556584,1.0,True
F583-1,primary,k2_L_Q,logsvt,25,4,2.470678724247263,0.11765136782129823,12.470678724247263,3.571442069301419,15.346182023720065,4.554648264492364,"{""B"": 0.6238362335175474, ""L"": -0.4467121232258094, ""Q"": 0.25073621649189415, ""u2"": 12.49862842764619}",[],4,4,127.24609051357729,0.8935653234756734,True
F583-1,light,baryons,logsvt,25,0,1473.5290722211482,58.94116288884593,1473.5290722211482,1464.827818440913,1473.5290722211482,1462.9355213366312,{},[],0,0,,,True
F583-1,light,NFW,nfw,25,2,36.294678076136016,1.578029481571131,40.84013262159056,32.13887884135529,42.732429725872414,32.13887884135529,"{""V200"": 1.658651595836847, ""c"": 4.836245867666162}",[],2,2,9.037012821273295,0.9752057674445413,True
F583-1,light,pISO,piso,25,2,7.891529913811965,0.3431099962526941,12.43698445926651,3.735730679031242,14.329281563548367,3.735730679031244,"{""H"": 2.6564737613959784, ""Rc"": 0.1603908624884436}",[],2,2,4.804259998407463,0.916788966427492,True
F583-1,light,cored_log,cored_log,25,2,4.155799234780722,0.18068692325133573,8.701253780235268,0.0,10.593550884517123,0.0,"{""H"": 2.0057319867273393, ""Rc"": 0.2559474704880862}",[],2,2,4.155809363541147,0.890506546898943,True
F583-1,light,k2,logsvt,25,2,4.155799234780731,0.18068692325133612,8.701253780235275,7.105427357601002e-15,10.593550884517132,8.881784197001252e-15,"{""B"": 0.5014329955312908, ""u2"": 15.265053067958405}",[],2,2,5.360990579391453,0.89050654547798,True
F583-1,light,k2_Q,logsvt,25,3,2.4942535047141625,0.11337515930518921,9.637110647571305,0.935856867336037,12.150880979318764,1.5573300948016406,"{""B"": 0.6067178104047716, ""Q"": 0.6232870243925988, ""u2"": 11.869206933459832}",[],3,3,26.14491410213866,0.9582416166217192,True
F583-1,light,k2_L,logsvt,25,3,2.5479165367595646,0.11581438803452566,9.690773679616708,0.98951989938144,12.204544011364167,1.6109931268470437,"{""B"": 0.604065409145661, ""L"": -0.5652664244738593, ""u2"": 14.423028361296511}",[],3,3,15.958925940877462,0.8853478709008459,True
F583-1,light,C_L,logsvt,25,2,56.94986000599711,2.476080869825961,61.495314551451656,52.79406077121639,63.38761165573351,52.79406077121639,"{""C"": 1.5229979744714846e-08, ""L"": 3.1497245662700193}","[""logC""]",2,2,18743294.36959318,1.0,True
F583-1,light,k2_L_Q,logsvt,25,4,2.35087494282584,0.11194642584884953,12.35087494282584,3.649621162590572,15.226378242298642,4.632827357781519,"{""B"": 0.6193150578698633, ""L"": -0.3278411979890872, ""Q"": 0.34431977776517175, ""u2"": 12.898580433750062}",[],4,4,95.341615969516,0.8896743770772382,True
F583-1,heavy,baryons,logsvt,25,0,1105.0818048677525,44.203272194710095,1105.0818048677525,1095.914366471363,1105.0818048677525,1094.0220693670813,{},[],0,0,,,True
F583-1,heavy,NFW,nfw,25,2,35.67904256683128,1.5512627202970122,40.224497112285825,31.057058715896382,42.116794216567676,31.057058715896382,"{""V200"": 1.7178751372639265, ""c"": 4.338546160141848}",[],2,2,9.540725103943567,0.9777567053846741,True
F583-1,heavy,pISO,piso,25,2,7.995236198315728,0.3476189651441621,12.540690743770272,3.3732523473808307,14.432987848052129,3.3732523473808325,"{""H"": 2.618366347077905, ""Rc"": 0.17049775461280858}",[],2,2,4.873431533827429,0.9191461183205508,True
F583-1,heavy,cored_log,cored_log,25,2,4.621983850934903,0.20095581960586537,9.167438396389448,7.105427357601002e-15,11.059735500671305,8.881784197001252e-15,"{""H"": 1.9680134274397003, ""Rc"": 0.2706472449005845}",[],2,2,4.231961725955723,0.8942322738583767,True
F583-1,heavy,k2,logsvt,25,2,4.621983850934895,0.200955819605865,9.167438396389441,0.0,11.059735500671296,0.0,"{""B"": 0.49200334823218767, ""u2"": 13.651890510443035}",[],2,2,5.39096290863256,0.8942322688240703,True
F583-1,heavy,k2_Q,logsvt,25,3,3.050181048341484,0.1386445931064311,10.193038191198626,1.0255997948091853,12.706808522946085,1.647073022274789,"{""B"": 0.6114291878637105, ""Q"": 0.6510164364283888, ""u2"": 10.318627360921685}",[],3,3,26.569440447548555,0.9641961413892546,True
F583-1,heavy,k2_L,logsvt,25,3,2.6538920145480023,0.12063145520672737,9.796749157405145,0.629310761015704,12.310519489152604,1.2507839884813077,"{""B"": 0.6188615142908616, ""L"": -0.6661359626056961, ""u2"": 12.78352821817223}",[],3,3,16.261452089002496,0.8891214804690277,True
F583-1,heavy,C_L,logsvt,25,2,50.51110956244927,2.1961351983673594,55.05656410790382,45.889125711514374,56.94886121218567,45.889125711514374,"{""C"": 1.5229979744712682e-08, ""L"": 2.929581902963746}","[""logC""]",2,2,19127873.543264024,1.0,True
F583-1,heavy,k2_L_Q,logsvt,25,4,2.6108310496180476,0.12432528807704989,12.610831049618048,3.4433926532286065,15.48633434909085,4.4265988484195535,"{""B"": 0.6286313437955008, ""L"": -0.5611750528091479, ""Q"": 0.16227183772596257, ""u2"": 12.087770974265995}",[],4,4,192.68956951862032,0.8975075704171946,True
IC2574,primary,baryons,logsvt,34,0,13829.857075531061,406.7605022215018,13829.857075531061,13749.28639426652,13829.857075531061,13745.507312692673,{},[],0,0,,,True
IC2574,primary,NFW,nfw,34,2,1149.6337401650687,35.9260543801584,1154.0208369392624,1073.450155674722,1156.686461214301,1072.3366983759124,"{""V200"": 3.0309711114644013, ""c"": 1.0000000000005242}","[""logc""]",2,2,55.5040301102695,0.9992183664504937,True
IC2574,primary,pISO,piso,34,2,90.83141338616501,2.8384816683176566,95.21851016035856,14.647828895818336,97.88413443539733,13.534371597008615,"{""H"": 4.361678686736696, ""Rc"": 0.6016542006898004}",[],2,2,15.051460022546,0.9903036859133043,True
IC2574,primary,cored_log,cored_log,34,2,98.007562198891,3.0627363187153436,102.39465897308455,21.82397770854432,105.06028324812331,20.7105204097346,"{""H"": 2.898163728300975, ""Rc"": 0.8687816956524007}",[],2,2,14.277835041710322,0.9891496800490648,True
IC2574,primary,k2,logsvt,34,2,98.00756219888842,3.062736318715263,102.39465897308197,21.823977708541747,105.06028324812074,20.710520409732027,"{""B"": 0.7245409716058228, ""u2"": 1.3248863979440215}",[],2,2,14.467496621718807,0.9891496807046252,True
IC2574,primary,k2_Q,logsvt,34,3,98.00756247891968,3.161534273513538,104.80756247891968,24.23688121437945,108.58664405276816,24.23688121437945,"{""B"": 0.7245410604630614, ""Q"": 1.522997974473043e-08, ""u2"": 1.3248861696123986}","[""logQ""]",3,2,1595144240.992803,0.9975758072252006,True
IC2574,primary,k2_L,logsvt,34,3,73.77068126454023,2.37969939563033,80.57068126454023,0.0,84.34976283838871,0.0,"{""B"": 1.0630832339026806, ""L"": 0.19721049848234043, ""u2"": 0.6477447017478504}",[],3,3,34.04347396962306,0.9866904839371216,True
IC2574,primary,C_L,logsvt,34,2,1061.4907033957263,33.17158448111645,1065.87780016992,985.3071189053798,1068.5434244449586,984.1936616065699,"{""C"": 1.5229979744712682e-08, ""L"": 1.290266131654614}","[""logC""]",2,2,18188496.520825166,1.0,True
IC2574,primary,k2_L_Q,logsvt,34,4,73.77068130826565,2.4590227102755216,83.14999165309324,2.5793103885530115,87.8761234067303,3.5263605683415875,"{""B"": 1.0630836601951603, ""L"": 0.19721055024115866, ""Q"": 1.522998009855951e-08, ""u2"": 0.6477443505540341}","[""logQ""]",4,3,2000237234.8932364,0.9967193243859981,True
IC2574,light,baryons,logsvt,34,0,17843.102326153916,524.7971272398211,17843.102326153916,17762.22202512639,17843.102326153916,17758.44294355254,{},[],0,0,,,True
IC2574,light,NFW,nfw,34,2,1132.3674063436658,35.38648144823956,1136.7545031178595,1055.8742020903348,1139.4201273928982,1054.760744791525,"{""V200"": 3.3027630837851487, ""c"": 1.000000000008509}","[""logc""]",2,2,60.77492496383827,0.9993518283240929,True
IC2574,light,pISO,piso,34,2,105.93851322992691,3.310578538435216,110.32561000412046,29.445308976595754,112.99123427915923,28.331851677786034,"{""H"": 3.496395383980673, ""Rc"": 0.4736123482531576}",[],2,2,10.632272444274106,0.9817409815751981,True
IC2574,light,cored_log,cored_log,34,2,121.60846711014575,3.800264597192055,125.9955638843393,45.115262856814596,128.66118815937807,44.001805558004875,"{""H"": 2.3675148829972192, ""Rc"": 0.6949667847225706}",[],2,2,9.81252756542115,0.9785718772444645,True
IC2574,light,k2,logsvt,34,2,121.60846711014167,3.8002645971919273,125.99556388433523,45.11526285681052,128.661188159374,44.00180555800081,"{""B"": 0.5918786931342158, ""u2"": 2.0704842764602738}",[],2,2,10.80995044304393,0.9785718736167845,True
IC2574,light,k2_Q,logsvt,34,3,121.60846773755155,3.922853797985534,128.40846773755155,47.52816671002684,132.18754931140003,47.52816671002684,"{""B"": 0.5918786127547627, ""Q"": 1.5229979744780643e-08, ""u2"": 2.0704847657733954}","[""logQ""]",3,2,1565366389.0231051,0.995943425277423,True
IC2574,light,k2_L,logsvt,34,3,74.08030102752471,2.389687129920152,80.88030102752471,0.0,84.6593826013732,0.0,"{""B"": 0.880366077749913, ""L"": 0.29574337818529656, ""u2"": 0.8421653370088423}",[],3,3,28.47695384678482,0.9788752657801665,True
IC2574,light,C_L,logsvt,34,2,1045.4181932538577,32.66931853918305,1049.8052900280513,968.9249890005266,1052.47091430309,967.8115317017168,"{""C"": 1.5229979744712682e-08, ""L"": 1.4105585515367944}","[""logC""]",2,2,18462526.521608565,1.0,True
IC2574,light,k2_L_Q,logsvt,34,4,74.08030109865746,2.4693433699552485,83.45961144348504,2.579310415960336,88.18574319712211,3.526360595748912,"{""B"": 0.8803663484885348, ""L"": 0.2957434304441678, ""Q"": 1.52299797539788e-08, ""u2"": 0.8421649595509794}","[""logQ""]",4,3,1750092457.1307278,0.9960253752675808,True
IC2574,heavy,baryons,logsvt,34,0,10781.998629204063,317.11760674129596,10781.998629204063,10701.790361801837,10781.998629204063,10698.01128022799,{},[],0,0,,,True
IC2574,heavy,NFW,nfw,34,2,1169.3535522236052,36.54229850698766,1173.7406489977989,1093.5323815955737,1176.4062732728376,1092.4189242967639,"{""V200"": 2.7595939053116005, ""c"": 1.0000000001099716}","[""logc""]",2,2,50.794193515866496,0.9990600174458808,True
IC2574,heavy,pISO,piso,34,2,77.66038553974819,2.426887048117131,82.04748231394174,1.8392149117165388,84.71310658898051,0.7257576129068184,"{""H"": 6.389144942974345, ""Rc"": 0.8314655632013049}",[],2,2,24.20431288033191,0.995862160005379,True
IC2574,heavy,cored_log,cored_log,34,2,79.7591560447254,2.492473626397669,84.14625281891895,3.937985416693749,86.81187709395772,2.8245281178840287,"{""H"": 4.066703035437587, ""Rc"": 1.1622702977345951}",[],2,2,23.321833484602383,0.9955091600764142,True
IC2574,heavy,k2,logsvt,34,2,79.75915604472468,2.492473626397646,84.14625281891823,3.9379854166930244,86.811877093957,2.824528117883304,"{""B"": 1.0166760240247923, ""u2"": 0.7402622054195054}",[],2,2,21.676413054616727,0.9955091632829102,True
IC2574,heavy,k2_Q,logsvt,34,3,79.75915612580135,2.572876004058108,86.55915612580135,6.350888723576148,90.33823769964984,6.350888723576148,"{""B"": 1.0166758552579125, ""Q"": 1.5229979744712682e-08, ""u2"": 0.7402623686777027}","[""logQ""]",3,2,1756619522.5325243,0.9991499881432663,True
IC2574,heavy,k2_L,logsvt,34,3,73.4082674022252,2.3680086258782325,80.2082674022252,0.0,83.98734897607369,0.0,"{""B"": 1.339448403755873, ""L"": 0.09555023259687936, ""u2"": 0.4807559716740843}",[],3,3,42.297921899180274,0.992128593326126,True
IC2574,heavy,C_L,logsvt,34,2,1080.0795040162957,33.75248450050924,1084.4666007904893,1004.2583333882642,1087.132225065528,1003.1448760894543,"{""C"": 1.5229979744714684e-08, ""L"": 1.1702100854516417}","[""logC""]",2,2,18312691.806634665,1.0,True
IC2574,heavy,k2_L_Q,logsvt,34,4,73.40826742657852,2.4469422475526175,82.7875777714061,2.5793103691809023,87.51370952504317,3.5263605489694783,"{""B"": 1.3394486380474053, ""L"": 0.0955502536423271, ""Q"": 1.5230001831065726e-08, ""u2"": 0.480755865781034}","[""logQ""]",4,3,2344312882.868259,0.9985973201690241,True
UGC00731,primary,baryons,logsvt,12,0,2334.476624837316,194.539718736443,2334.476624837316,2327.5849518115565,2334.476624837316,2327.9484718453136,{},[],0,0,,,True
UGC00731,primary,NFW,nfw,12,2,3.39591377696522,0.339591377696522,8.729247110298553,1.8375740845386703,8.365727076541221,1.8375740845386694,"{""V200"": 0.8613410681704466, ""c"": 9.523013352113752}",[],2,2,7.311877118011761,0.9483296853145304,True
UGC00731,primary,pISO,piso,12,2,1.5583396924265505,0.15583396924265505,6.891673025759883,0.0,6.528152992002552,0.0,"{""H"": 1.1536354471082984, ""Rc"": 0.10327283054997406}",[],2,2,4.057548251241535,0.8066378089729818,True
UGC00731,primary,cored_log,cored_log,12,2,3.739801928291482,0.3739801928291482,9.073135261624815,2.181462235864932,8.709615227867483,2.181462235864931,"{""H"": 0.9653687105294115, ""Rc"": 0.18616243321010648}",[],2,2,3.1179888620268583,0.6786691271466637,True
UGC00731,primary,k2,logsvt,12,2,3.7398019282914787,0.37398019282914785,9.073135261624813,2.18146223586493,8.709615227867479,2.1814622358649274,"{""B"": 0.2413421787712155, ""u2"": 28.854655540446473}",[],2,2,5.697730754937861,0.6786691083111134,True
UGC00731,primary,k2_Q,logsvt,12,3,3.7398020937107312,0.415533565967859,12.73980209371073,5.848129067950848,11.194522043074732,4.666369051072181,"{""B"": 0.2413421804628246, ""Q"": 1.522997974472399e-08, ""u2"": 28.85465551270715}","[""logQ""]",3,2,315995753.18298805,0.9960344939839224,True
UGC00731,primary,k2_L,logsvt,12,3,2.4293360231850616,0.26992622479834016,11.429336023185062,4.537662997425179,9.884055972549064,3.355902980546512,"{""B"": 0.1948470104231922, ""L"": 0.23865746985581068, ""u2"": 36.45408590855358}",[],3,3,13.269776474884171,0.9684210782694632,True
UGC00731,primary,C_L,logsvt,12,2,32.16522477138756,3.2165224771387555,37.49855810472089,30.60688507896101,37.13503807096356,30.606885078961007,"{""C"": 0.22377495242489517, ""L"": 0.9931698068218665}",[],2,2,4.018512102311602,0.8071232314513416,True
UGC00731,primary,k2_L_Q,logsvt,12,4,1.921962661943743,0.2402453327429679,15.636248376229457,8.744575350469574,11.861589261095745,5.333436269093193,"{""B"": 0.000841776616998227, ""L"": 2.560747231358764, ""Q"": 1.6938847330813271, ""u2"": 0.0006198295041059453}",[],4,2,1014923523.381791,0.9999997515255802,True
UGC00731,light,baryons,logsvt,12,0,2449.634490293903,204.13620752449194,2449.634490293903,2442.693979987925,2449.634490293903,2443.0575000216827,{},[],0,0,,,True
UGC00731,light,NFW,nfw,12,2,3.516561416333629,0.3516561416333629,8.849894749666962,1.9093844436890741,8.48637471590963,1.9093844436890741,"{""V200"": 0.8627688602884762, ""c"": 9.616780959244569}",[],2,2,7.294373485554392,0.9480030600127596,True
UGC00731,light,pISO,piso,12,2,1.6071769726445548,0.16071769726445548,6.940510305977888,0.0,6.576990272220556,0.0,"{""H"": 1.1641373643523514, ""Rc"": 0.10276276431130098}",[],2,2,4.055000770573671,0.8059667856578087,True
UGC00731,light,cored_log,cored_log,12,2,3.7857642280214776,0.37857642280214776,9.119097561354812,2.1785872553769234,8.755577527597477,2.1785872553769217,"{""H"": 0.9745984467911436, ""Rc"": 0.1853281238362529}",[],2,2,3.1146817464705867,0.6775748778237275,True
UGC00731,light,k2,logsvt,12,2,3.7857642280214705,0.37857642280214704,9.119097561354804,2.1785872553769163,8.75557752759747,2.1785872553769146,"{""B"": 0.24364961267562033, ""u2"": 29.115035989995892}",[],2,2,5.693895781932623,0.6775748698080629,True
UGC00731,light,k2_Q,logsvt,12,3,3.7857643903214324,0.4206404878134925,12.785764390321432,5.845254084343544,11.240484339685434,4.663494067464878,"{""B"": 0.2436496152823262, ""Q"": 1.5229979744712682e-08, ""u2"": 29.11503525439507}","[""logQ""]",3,2,349915112.333666,0.9961182218484045,True
UGC00731,light,k2_L,logsvt,12,3,2.506797853844672,0.27853309487163025,11.506797853844672,4.566287547866784,9.961517803208674,3.3845275309881178,"{""B"": 0.197867477149876, ""L"": 0.23531959431818028, ""u2"": 36.556588156840945}",[],3,3,13.223301444979466,0.9683858423825166,True
UGC00731,light,C_L,logsvt,12,2,33.15395759440906,3.315395759440906,38.48729092774239,31.546780621764505,38.12377089398506,31.546780621764505,"{""C"": 0.2280883261272553, ""L"": 1.0007249454099898}",[],2,2,3.972597141105333,0.807612529719684,True
UGC00731,light,k2_L_Q,logsvt,12,4,0.5416931822913147,0.06771164778641434,14.25597889657703,7.315468590599142,10.481319781443316,3.9043295092227606,"{""B"": 0.08106081701297488, ""L"": 1.5944962959527182, ""Q"": 0.9832382673252698, ""u2"": 43.57030846073866}",[],4,4,50.2747389954462,0.9822759184487844,True
UGC00731,heavy,baryons,logsvt,12,0,2230.488071367217,185.87400594726807,2230.488071367217,2223.6426466176877,2230.488071367217,2224.006166651445,{},[],0,0,,,True
UGC00731,heavy,NFW,nfw,12,2,3.2780904718063235,0.32780904718063236,8.611423805139657,1.7659990556103713,8.247903771382324,1.7659990556103713,"{""V200"": 0.8599401555345275, ""c"": 9.428335488859167}",[],2,2,7.33011944235788,0.9486664079612063,True
UGC00731,heavy,pISO,piso,12,2,1.512091416195952,0.1512091416195952,6.845424749529285,0.0,6.481904715771953,0.0,"{""H"": 1.1431557499260563, ""Rc"": 0.10379883467333846}",[],2,2,4.060256741636923,0.8073312816325013,True
UGC00731,heavy,cored_log,cored_log,12,2,3.69540368097129,0.369540368097129,9.028737014304623,2.1833122647753376,8.66521698054729,2.1833122647753376,"{""H"": 0.9561541239489201, ""Rc"": 0.18702295286673673}",[],2,2,3.1214166667407963,0.6797977181207524,True
UGC00731,heavy,k2,logsvt,12,2,3.6954036809712876,0.36954036809712876,9.028737014304621,2.183312264775336,8.665216980547289,2.183312264775336,"{""B"": 0.23903853062462738, ""u2"": 28.589738609907606}",[],2,2,5.701701927963089,0.6797976972838208,True
UGC00731,heavy,k2_Q,logsvt,12,3,3.695403849447353,0.41060042771637256,12.695403849447352,5.849979099918067,11.150123798811354,4.668219083039401,"{""B"": 0.2390385319970826, ""Q"": 1.5229979744712682e-08, ""u2"": 28.589738754958137}","[""logQ""]",3,2,320555841.0986432,0.995991876821531,True
UGC00731,heavy,k2_L,logsvt,12,3,2.353379724362719,0.2614866360403021,11.35337972436272,4.507954974833434,9.808099673726721,3.326194957954768,"{""B"": 0.19182718098448642, ""L"": 0.2419933477518118, ""u2"": 36.348604350953984}",[],3,3,13.320275138807544,0.9684576340093439,True
UGC00731,heavy,C_L,logsvt,12,2,31.190781170385996,3.1190781170385997,36.52411450371933,29.678689754190046,36.160594469962,29.678689754190046,"{""C"": 0.21947251944272633, ""L"": 0.9856049035697274}",[],2,2,4.066730596246169,0.8066313814104004,True
UGC00731,heavy,k2_L_Q,logsvt,12,4,0.5164258223605868,0.06455322779507335,14.2307115366463,7.385286787117015,10.456052421512588,3.974147705740635,"{""B"": 0.07866135365597182, ""L"": 1.5577416002889513, ""Q"": 0.9513294441539752, ""u2"": 43.108981697679596}",[],4,4,50.734422187080064,0.9822289704089848,True
UGC07399,primary,baryons,logsvt,10,0,3291.413859907484,329.1413859907484,3291.413859907484,3283.9262114317276,3291.413859907484,3285.0353269600255,{},[],0,0,,,True
UGC07399,primary,NFW,nfw,10,2,8.10823285839674,1.0135291072995924,13.822518572682453,6.334870096926126,12.713403044384831,6.334870096926127,"{""V200"": 0.8059776047326423, ""c"": 17.613668511484168}",[],2,2,8.777810850090747,0.9715716217287736,True
UGC07399,primary,pISO,piso,10,2,1.7733627614706127,0.22167034518382658,7.487648475756327,0.0,6.378532947458704,0.0,"{""H"": 1.3126231739171335, ""Rc"": 0.12563893140347565}",[],2,2,4.720109704058301,0.8733690836156885,True
UGC07399,primary,cored_log,cored_log,10,2,3.6735074817963937,0.4591884352245492,9.387793196082107,1.9001447203257804,8.278677667784486,1.9001447203257813,"{""H"": 1.0626850742422396, ""Rc"": 0.2200064502777957}",[],2,2,3.660306367246278,0.7862308899494735,True
UGC07399,primary,k2,logsvt,10,2,3.6735074817963875,0.45918843522454844,9.387793196082102,1.900144720325775,8.278677667784478,1.9001447203257742,"{""B"": 0.2656712683842272, ""u2"": 20.65994558782629}",[],2,2,6.438092708716638,0.7862308842891028,True
UGC07399,primary,k2_Q,logsvt,10,3,3.673507834062418,0.5247868334374883,13.673507834062418,6.185859358306091,10.581263113044557,4.202730165585852,"{""B"": 0.2656712708046659, ""Q"": 1.5229979744712735e-08, ""u2"": 20.659945272340146}","[""logQ""]",3,2,342684643.75485164,0.9970134871995343,True
UGC07399,primary,k2_L,logsvt,10,3,1.070782272857382,0.15296889612248313,11.070782272857382,3.5831337971010555,7.978537551839519,1.600004604380815,"{""B"": 0.20159748562746502, ""L"": 0.3286277793267572, ""u2"": 27.106714179148447}",[],3,3,14.245219002897526,0.9657208530008252,True
UGC07399,primary,C_L,logsvt,10,2,39.417273257998175,4.927159157249772,45.13155897228389,37.64391049652757,44.02244344398627,37.64391049652757,"{""C"": 0.20674848314249097, ""L"": 1.1752854953251364}",[],2,2,4.581755358657043,0.8448517965946908,True
UGC07399,primary,k2_L_Q,logsvt,10,4,1.0707823057853998,0.17846371763089997,17.0707823057854,9.583133830029073,10.281122677761584,3.9025897303028794,"{""B"": 0.2015974818237375, ""L"": 0.3286278104893332, ""Q"": 1.5229979744712682e-08, ""u2"": 27.106714496948996}","[""logQ""]",4,3,940600094.9124115,0.9975064044488071,True
UGC07399,light,baryons,logsvt,10,0,3804.404809775853,380.4404809775853,3804.404809775853,3797.0142041322206,3804.404809775853,3798.123319660518,{},[],0,0,,,True
UGC07399,light,NFW,nfw,10,2,7.511155067013807,0.9388943833767259,13.22544078129952,5.834835137666736,12.1163252530019,5.8348351376667384,"{""V200"": 0.7868304404644773, ""c"": 18.86534883687315}",[],2,2,8.467901479548468,0.9688795478394443,True
UGC07399,light,pISO,piso,10,2,1.67631992934707,0.20953999116838376,7.390605643632784,0.0,6.281490115335162,0.0,"{""H"": 1.3213607904634603, ""Rc"": 0.11763044998552745}",[],2,2,4.6435890118142025,0.8643588486073237,True
UGC07399,light,cored_log,cored_log,10,2,3.8733851974353257,0.4841731496794157,9.58767091172104,2.197065268088255,8.478555383423418,2.197065268088256,"{""H"": 1.0764364739869368, ""Rc"": 0.20726537079868923}",[],2,2,3.5906054938415175,0.7695663657714314,True
UGC07399,light,k2,logsvt,10,2,3.873385197435332,0.4841731496794165,9.587670911721046,2.197065268088262,8.478555383423423,2.197065268088261,"{""B"": 0.2691091184044761, ""u2"": 23.278045105609824}",[],2,2,6.383488912820695,0.7695663702851177,True
UGC07399,light,k2_Q,logsvt,10,3,3.8733855830916903,0.5533407975845271,13.87338558309169,6.482779939458905,10.781140862073828,4.499650746738666,"{""B"": 0.26910912013299376, ""Q"": 1.5229979744718744e-08, ""u2"": 23.278044987511063}","[""logQ""]",3,2,352656969.25838464,0.9972709548322215,True
UGC07399,light,k2_L,logsvt,10,3,0.9338136801614912,0.13340195430878446,10.933813680161492,3.543208036528708,7.841568959143629,1.5600788438084674,"{""B"": 0.2058487797746569, ""L"": 0.3334273861219078, ""u2"": 30.674810597228014}",[],3,3,13.736688145396647,0.9641935128313902,True
UGC07399,light,C_L,logsvt,10,2,41.83780058022991,5.229725072528739,47.552086294515625,40.161480650882844,46.442970766218004,40.161480650882844,"{""C"": 0.23645397123031522, ""L"": 1.1729066431179418}",[],2,2,4.213746298129624,0.845732227631762,True
UGC07399,light,k2_L_Q,logsvt,10,4,0.9338137100121504,0.1556356183353584,16.933813710012153,9.543208066379368,10.144154081988335,3.862663966653173,"{""B"": 0.20584877740128876, ""L"": 0.3334274108212137, ""Q"": 1.5229979744814187e-08, ""u2"": 30.674810614984764}","[""logQ""]",4,3,1130732564.2546883,0.9987118958696107,True
UGC07399,heavy,baryons,logsvt,10,0,2878.2589211326094,287.8258921132609,2878.2589211326094,2870.645974234999,2878.2589211326094,2871.755089763297,{},[],0,0,,,True
UGC07399,heavy,NFW,nfw,10,2,8.839841107087798,1.1049801383859748,14.554126821373512,6.94117992376316,13.44501129307589,6.941179923763161,"{""V200"": 0.829085535686491, ""c"": 16.35856539491001}",[],2,2,9.155730498314327,0.9743437319900282,True
UGC07399,heavy,pISO,piso,10,2,1.8986611833246367,0.2373326479155796,7.612946897610351,0.0,6.503831369312729,0.0,"{""H"": 1.306944382385786, ""Rc"": 0.13477203050620593}",[],2,2,4.811891381830762,0.8826887865986088,True
UGC07399,heavy,cored_log,cored_log,10,2,3.45655116454936,0.43206889556867,9.170836878835074,1.5578899812247222,8.061721350537452,1.557889981224723,"{""H"": 1.050877336595382, ""Rc"": 0.23433287610230688}",[],2,2,3.7372788746187107,0.8030419337422688,True
UGC07399,heavy,k2,logsvt,10,2,3.4565511645493574,0.4320688955686697,9.170836878835072,1.5578899812247204,8.06172135053745,1.5578899812247213,"{""B"": 0.2627193351293008, ""u2"": 18.21098964918316}",[],2,2,6.490916648824808,0.8030419329936174,True
UGC07399,heavy,k2_Q,logsvt,10,3,3.4565514798911128,0.49379306855587324,13.456551479891113,5.843604582280761,10.364306758873251,3.8604753895605226,"{""B"": 0.2627193367582391, ""Q"": 1.5229979744712682e-08, ""u2"": 18.21098962679172}","[""logQ""]",3,2,391924382.3529966,0.9970980588118313,True
UGC07399,heavy,k2_L,logsvt,10,3,1.2580516530221282,0.17972166471744688,11.258051653022129,3.6451047554117775,8.165806932004266,1.661975562691537,"{""B"": 0.19876010423524007, ""L"": 0.31839349277241064, ""u2"": 23.61812709071754}",[],3,3,14.860225545593826,0.9673603434690188,True
UGC07399,heavy,C_L,logsvt,10,2,37.08799791831689,4.635999739789611,42.8022836326026,35.18933673499225,41.69316810430498,35.18933673499225,"{""C"": 0.17715871011748952, ""L"": 1.1774777724010894}",[],2,2,5.112120171532534,0.843957380356533,True
UGC07399,heavy,k2_L_Q,logsvt,10,4,1.2580516902893446,0.20967528171489078,17.258051690289342,9.64510479267899,10.468392062265528,3.964560692952799,"{""B"": 0.19876010224171248, ""L"": 0.3183935139085941, ""Q"": 1.522997974504972e-08, ""u2"": 23.618127124227414}","[""logQ""]",4,3,1062407443.205428,0.9964751423178724,True
